<productinfo>
<matlabrelease>12</matlabrelease>
<name>The N-way Toolbox for MATLAB</name>
<area>matlab</area>
<icon>$toolbox/matlab/general/matlabicon.gif</icon>
<list>

<listitem>
<label>Help</label>
<callback>web 'http://www.models.kvl.dk/source/nwaytoolbox/TheNwayToolboxforMATLAB.pdf' -browser;</callback>
<icon>$toolbox/matlab/general/bookicon.gif</icon>
</listitem>

<listitem>
<label>Course</label>
<callback>web 'http://www.models.kvl.dk/courses/' -browser;</callback>
<icon>$toolbox/matlab/general/bookicon.gif</icon>
</listitem>

<listitem>
<label>Product Page (Web)</label>
<callback>web 'http://www.models.kvl.dk/source/nwaytoolbox/index.asp' -browser;</callback>
<icon>$toolbox/matlab/general/webicon.gif</icon>
</listitem>

<listitem>
<label>Demos</label>
<callback> demo toolbox 'The N-way Toolbox for MATLAB';</callback>
<icon>$toolbox/matlab/general/demoicon.gif</icon>
</listitem>

</list>
</productinfo>

